root, 1, 1
Koressa, 2, 2
Clarette, 3, 3
Rubia, 4, 4
Brigitte, 5, 5
Janene, 6, 6
Lane, 7, 7
Nariko, 8, 8
Colleen, 9, 9
Karry, 10, 10
Karlotte, 11, 11
Luce, 12, 12
Frannie, 13, 13
Marley, 14, 14
Shaun, 15, 15
Ermina, 16, 16
Cosetta, 17, 17
Analise, 18, 18
Petrina, 19, 19
Fiann, 20, 20
Kirsti, 21, 21
Daile, 22, 22
Bonnee, 23, 23
Abra, 24, 24
Hanni, 25, 25
Fernanda, 26, 26
Corrianne, 27, 27
Alika, 28, 28
Karleen, 29, 29
Lee, 30, 30
Kimberley, 31, 31
Karlie, 32, 32
Annabella, 33, 33
Maire, 34, 34
Alejandra, 35, 35
Wren, 36, 36
Janeva, 37, 37
Goldi, 38, 38
Ros, 39, 39
Maiga, 40, 40
Mabel, 41, 41
Cloe, 42, 42
Faustina, 43, 43
Ilyssa, 44, 44
Vilma, 45, 45
Dacy, 46, 46
Jaquelin, 47, 47
Hedvig, 48, 48
Willi, 49, 49
Leyla, 50, 50
Agnesse, 51, 51
Dru, 52, 52
Madalena, 53, 53
Augusta, 54, 54
Laurella, 55, 55
Barrie, 56, 56
Kip, 57, 57
Ashlie, 58, 58
Chicky, 59, 59
Halli, 60, 60
Marena, 61, 61
Allison, 62, 62
Tera, 63, 63
Merridie, 64, 64
Elaine, 65, 65
Inger, 66, 66
Stephannie, 67, 67
Dita, 68, 68
Margret, 69, 69
Rozanne, 70, 70
Elisabetta, 71, 71
Jackquelin, 72, 72
Eada, 73, 73
Ivette, 74, 74
Adrianna, 75, 75
Clarine, 76, 76
Serena, 77, 77
Yasmin, 78, 78
Jennine, 79, 79
Morena, 80, 80
Tiffi, 81, 81
Ashli, 82, 82
Gayla, 83, 83
Jade, 84, 84
Adore, 85, 85
Candis, 86, 86
Amata, 87, 87
Vita, 88, 88
Minne, 89, 89
Karon, 90, 90
Florencia, 91, 91
Agata, 92, 92
Cesya, 93, 93
Kaye, 94, 94
Gwenni, 95, 95
Jillie, 96, 96
Ingeberg, 97, 97
Ashely, 98, 98
Dorolisa, 99, 99
Dorena, 100, 100